{
  "log_type": "puppet",
  "seed": 27,
  "parsed_from_raw_logs": true,
  "query_ids": [
    "puppet_query_1",
    "puppet_query_2",
    "puppet_query_3",
    "puppet_query_5",
    "puppet_query_9"
  ],
  "macro_precision": 1.0,
  "macro_recall": 0.9959595959595958,
  "per_query": {
    "puppet_query_1": {
      "precision": 1.0,
      "recall": 0.9797979797979798,
      "predicted_count": 194,
      "ground_truth_count": 198,
      "overlap_count": 194,
      "predicted_line_ids": [
        7,
        1696,
        1714,
        2905,
        2906,
        2908,
        2910,
        2912,
        2914,
        2916,
        2918,
        2920,
        2922,
        2924,
        2926,
        2928,
        2930,
        2932,
        2934,
        2936,
        4674,
        4675,
        4727,
        4767,
        4768,
        4804,
        4840,
        4841,
        4877,
        4878,
        4879,
        4943,
        4944,
        4945,
        4987,
        5029,
        5064,
        5065,
        5066,
        5102,
        5140,
        5141,
        5177,
        5178,
        5179,
        5214,
        5249,
        5284,
        5285,
        5324,
        5325,
        5326,
        5360,
        5361,
        5395,
        5396,
        5442,
        5477,
        5478,
        5540,
        5562,
        155632,
        155634,
        155636,
        155666,
        155668,
        155670,
        155671,
        155673,
        155675,
        155677,
        155679,
        155681,
        155683,
        155720,
        155722,
        155724,
        155725,
        155727,
        155729,
        155731,
        155733,
        155735,
        155737,
        155739,
        155741,
        155743,
        155745,
        155747,
        155749,
        155751,
        155753,
        155755,
        155757,
        155759,
        155761,
        155763,
        155765,
        155767,
        155769,
        155771,
        155773,
        155775,
        155777,
        155780,
        155782,
        155784,
        155786,
        155827,
        155829,
        155831,
        155832,
        155865,
        155867,
        155869,
        155870,
        155873,
        155875,
        155877,
        155879,
        155909,
        155911,
        155913,
        155914,
        155917,
        155919,
        155921,
        155923,
        155925,
        155927,
        155929,
        155931,
        155932,
        155963,
        155965,
        155967,
        155997,
        155999,
        156001,
        156002,
        156039,
        156041,
        156043,
        156100,
        156102,
        156104,
        156134,
        156136,
        156138,
        156169,
        156171,
        156173,
        156203,
        156205,
        156207,
        156208,
        156239,
        156241,
        156243,
        156244,
        156275,
        156277,
        156279,
        156280,
        156311,
        156313,
        156315,
        156316,
        156359,
        156361,
        156363,
        156364,
        156366,
        156368,
        156370,
        156372,
        156374,
        156411,
        156413,
        156415,
        156416,
        156418,
        156420,
        156422,
        156424,
        156426,
        156428,
        156430,
        156432,
        156434,
        156436,
        156438,
        156440,
        156442
      ],
      "false_positives_sample": [],
      "false_negatives_sample": [
        "Mar 25 16:24:42 rhos-compute-node-05 puppet-agent[6270]: disabling puppet",
        "Apr 22 14:18:50 puma01 puppet-agent[5774]: disabling puppet",
        "Jul 20 14:28:48 opens-vdsb puppet-agent[6726]: disabling puppet",
        "Jul 24 20:25:30 puma50 puppet-agent[6482]: disabling puppet"
      ]
    },
    "puppet_query_2": {
      "precision": 1.0,
      "recall": 1.0,
      "predicted_count": 66,
      "ground_truth_count": 66,
      "overlap_count": 66,
      "predicted_line_ids": [
        8,
        1697,
        1715,
        2938,
        3063,
        4676,
        4728,
        4769,
        4805,
        4842,
        4880,
        4946,
        4988,
        5030,
        5067,
        5103,
        5142,
        5180,
        5215,
        5250,
        5286,
        5327,
        5362,
        5397,
        5443,
        5479,
        5541,
        5563,
        155637,
        155647,
        155685,
        155701,
        155787,
        155805,
        155834,
        155844,
        155880,
        155890,
        155934,
        155944,
        155968,
        155978,
        156004,
        156014,
        156044,
        156054,
        156105,
        156115,
        156139,
        156149,
        156174,
        156184,
        156210,
        156220,
        156246,
        156256,
        156282,
        156292,
        156318,
        156328,
        156376,
        156392,
        156444,
        156460,
        156473,
        156483
      ],
      "false_positives_sample": [],
      "false_negatives_sample": []
    },
    "puppet_query_3": {
      "precision": 1.0,
      "recall": 1.0,
      "predicted_count": 59,
      "ground_truth_count": 59,
      "overlap_count": 59,
      "predicted_line_ids": [
        25,
        109,
        163,
        218,
        274,
        436,
        491,
        547,
        601,
        655,
        709,
        763,
        848,
        902,
        957,
        1012,
        1093,
        1148,
        1202,
        1257,
        1375,
        1430,
        1485,
        2138,
        2243,
        2280,
        2596,
        2832,
        3178,
        3210,
        3226,
        3251,
        3278,
        3306,
        3331,
        3347,
        3363,
        3379,
        3395,
        3423,
        3451,
        3479,
        3502,
        3528,
        3562,
        3572,
        3885,
        3894,
        3905,
        5672,
        6070,
        6764,
        7086,
        12454,
        12950,
        19784,
        20477,
        20486,
        132070
      ],
      "false_positives_sample": [],
      "false_negatives_sample": []
    },
    "puppet_query_5": {
      "precision": 1.0,
      "recall": 1.0,
      "predicted_count": 66,
      "ground_truth_count": 66,
      "overlap_count": 66,
      "predicted_line_ids": [
        46,
        133,
        188,
        244,
        295,
        461,
        517,
        571,
        625,
        679,
        733,
        784,
        872,
        927,
        982,
        1034,
        1118,
        1172,
        1227,
        1278,
        1400,
        1455,
        1510,
        2149,
        2250,
        2372,
        2609,
        2843,
        3189,
        3221,
        3237,
        3262,
        3289,
        3317,
        3406,
        3434,
        3462,
        3490,
        3513,
        3539,
        3569,
        3579,
        3953,
        16933,
        16992,
        16997,
        19538,
        19789,
        20294,
        20297,
        20300,
        81312,
        82638,
        83964,
        85290,
        86616,
        87942,
        89268,
        114275,
        115391,
        116506,
        117621,
        118736,
        119851,
        120966,
        132073
      ],
      "false_positives_sample": [],
      "false_negatives_sample": []
    },
    "puppet_query_9": {
      "precision": 1.0,
      "recall": 1.0,
      "predicted_count": 128,
      "ground_truth_count": 128,
      "overlap_count": 128,